#SampleID,BarcodeSequence,LinkerPrimerSequence,BioSampleID,Replicate,DateMMDDYY,Date,DepthName,Depth,Sample Type,16S region,Forward  16S primer,Reverse 16S primer,Treatment,Sequencing Date,Sequencing platform,Sequence notes,Forward read length,Reverse read length,Index read length,Description,OldSampleID,Notes
SB011413TAWMD00VV4TMR1,TTATCCTT,YRYRGTGCCAGCMGCCGCGGTAA,B011413TAWMD00,1,011413,01.14.13,00,0,Environmental Sample,V4,PE16S_V4_U515_F,PE16S_V4_E786_R,M,130719Alm,MiSeq,NA,150,150,8,0m_01.14.13,1.14.13.0.M.1,Ok to use
SB011413TAWMD04VV4TMR1,GCAAGATA,YRYRGTGCCAGCMGCCGCGGTAA,B011413TAWMD04,1,011413,01.14.13,04,4,Environmental Sample,V4,PE16S_V4_U515_F,PE16S_V4_E786_R,M,130719Alm,MiSeq,NA,150,150,8,4m_01.14.13,1.14.13.4.M.1,Ok to use
SB011413TAWMD10VV4TMR1,GTGGATAG,YRYRGTGCCAGCMGCCGCGGTAA,B011413TAWMD10,1,011413,01.14.13,10,10,Environmental Sample,V4,PE16S_V4_U515_F,PE16S_V4_E786_R,M,130719Alm,MiSeq,NA,150,150,8,10m_01.14.13,1.14.13.10.M.1,Ok to use
SB011413TAWMD12VV4TMR1,GGAGGCTG,YRYRGTGCCAGCMGCCGCGGTAA,B011413TAWMD12,1,011413,01.14.13,12,12,Environmental Sample,V4,PE16S_V4_U515_F,PE16S_V4_E786_R,M,130719Alm,MiSeq,NA,150,150,8,12m_01.14.13,1.14.13.12.M.1,Ok to use
SB011413TAWMD18VV4TMR1,GTTCGCAG,YRYRGTGCCAGCMGCCGCGGTAA,B011413TAWMD18,1,011413,01.14.13,18,18,Environmental Sample,V4,PE16S_V4_U515_F,PE16S_V4_E786_R,M,130719Alm,MiSeq,NA,150,150,8,18m_01.14.13,1.14.13.18.M.1,Ok to use
SB011413TAWMD21VV4TMR1,CCACGCAA,YRYRGTGCCAGCMGCCGCGGTAA,B011413TAWMD21,1,011413,01.14.13,21,21,Environmental Sample,V4,PE16S_V4_U515_F,PE16S_V4_E786_R,M,130719Alm,MiSeq,NA,150,150,8,21m_01.14.13,1.14.13.21.M.1,Ok to use
SB100212TAWMD02VV4TMR1,CACAACGA,YRYRGTGCCAGCMGCCGCGGTAA,B100212TAWMD02,1,100212,10.02.12,02,2,Environmental Sample,V4,PE16S_V4_U515_F,PE16S_V4_E786_R,M,130719Alm,MiSeq,NA,150,150,8,2m_10.02.12,10.2.12.2.M.1,Ok to use
SB100212TAWMD04VV4TMR1,TGACTTAG,YRYRGTGCCAGCMGCCGCGGTAA,B100212TAWMD04,1,100212,10.02.12,04,4,Environmental Sample,V4,PE16S_V4_U515_F,PE16S_V4_E786_R,M,130719Alm,MiSeq,NA,150,150,8,4m_10.02.12,10.2.12.4.M.1,Ok to use
SB100212TAWMD10VV4TMR1,TCTGTATG,YRYRGTGCCAGCMGCCGCGGTAA,B100212TAWMD10,1,100212,10.02.12,10,10,Environmental Sample,V4,PE16S_V4_U515_F,PE16S_V4_E786_R,M,130719Alm,MiSeq,NA,150,150,8,10m_10.02.12,10.2.12.10.M.1,Ok to use
SB100912TAWMD15VV4TMR1,CGAATATT,YRYRGTGCCAGCMGCCGCGGTAA,B100912TAWMD15,1,100912,10.09.12,15,15,Environmental Sample,V4,PE16S_V4_U515_F,PE16S_V4_E786_R,M,130719Alm,MiSeq,NA,150,150,8,15m_10.09.12,10.9.12.15.M.1,Possible contamination
SB082912TAWMD13VV4TMR2,GTCACGGG,YRYRGTGCCAGCMGCCGCGGTAA,B082912TAWMD13,2,082912,08.29.12,13,13,Environmental Sample,V4,PE16S_V4_U515_F,PE16S_V4_E786_R,M,130719Alm,MiSeq,NA,150,150,8,13m_8.29.12,8.29.12.13.M.2,Rep not similar
SB081308TAWMD17VV4TQR1,CTAGAATC,YRYRGTGCCAGCMGCCGCGGTAA,B081308TAWMD17,1,081308,08.13.08,17,17,Environmental Sample,V4,PE16S_V4_U515_F,PE16S_V4_E786_R,Q,130719Alm,MiSeq,NA,150,150,8,17m_8.8.2004,8.13.08.17.Q.1,Rep similar to 3
SB110211TAWMD20VV4TQR1,GAGCACAG,YRYRGTGCCAGCMGCCGCGGTAA,B110211TAWMD20,1,110211,11.02.11,20,20,Environmental Sample,V4,PE16S_V4_U515_F,PE16S_V4_E786_R,Q,130719Alm,MiSeq,NA,150,150,8,20m_11.2011,11.2.11.20.Q.1,Rep similar to M.1 and M.3
SB110211TAWMD05VV4TQR2,GGGCGAAA,YRYRGTGCCAGCMGCCGCGGTAA,B110211TAWMD05,2,110211,11.02.11,05,5,Environmental Sample,V4,PE16S_V4_U515_F,PE16S_V4_E786_R,Q,130719Alm,MiSeq,NA,150,150,8,5m_11.2011,11.2.11.5.Q.2,Rep similar to M.1 and M.4
SB011413TAWMD20VV4TMR2,CAAGCCTG,YRYRGTGCCAGCMGCCGCGGTAA,B011413TAWMD20,2,011413,01.14.13,20,20,Environmental Sample,V4,PE16S_V4_U515_F,PE16S_V4_E786_R,M,130719Alm,MiSeq,NA,150,150,8,20m_1.14.13,1.14.13.20.M.2,Reps similar
SB100212TAWMD09VV4TMR2,TTTAACTG,YRYRGTGCCAGCMGCCGCGGTAA,B100212TAWMD09,2,100212,10.02.12,09,9,Environmental Sample,V4,PE16S_V4_U515_F,PE16S_V4_E786_R,M,130719Alm,MiSeq,NA,150,150,8,9m_10.02.12,10.2.12.9.M.2,Reps similar
SB100212TAWMD13VV4TMR1,CCTTTGAT,YRYRGTGCCAGCMGCCGCGGTAA,B100212TAWMD13,1,100212,10.02.12,13,13,Environmental Sample,V4,PE16S_V4_U515_F,PE16S_V4_E786_R,M,130719Alm,MiSeq,NA,150,150,8,13m_10.02.12,10.2.12.13.M.1,Reps similar
SB100212TAWMD15VV4TMR1,TAGAGCCA,YRYRGTGCCAGCMGCCGCGGTAA,B100212TAWMD15,1,100212,10.02.12,15,15,Environmental Sample,V4,PE16S_V4_U515_F,PE16S_V4_E786_R,M,130719Alm,MiSeq,NA,150,150,8,15m_10.02.12,10.2.12.15.M.1,Reps similar
SB110212TAWMD05VV4TMR1,TATCAATC,YRYRGTGCCAGCMGCCGCGGTAA,B110212TAWMD05,1,110212,11.02.12,05,5,Environmental Sample,V4,PE16S_V4_U515_F,PE16S_V4_E786_R,M,130719Alm,MiSeq,NA,150,150,8,5m_11.02.12,11.2.12.5.M.1,Reps similar
SB110212TAWMD20VV4TMR2,GACATCAT,YRYRGTGCCAGCMGCCGCGGTAA,B110212TAWMD20,2,110212,11.02.12,20,20,Environmental Sample,V4,PE16S_V4_U515_F,PE16S_V4_E786_R,M,130719Alm,MiSeq,NA,150,150,8,20m_11.2.12,11.2.12.20.M.2,Reps similar
SBNATAWMDmix9VV4TNAR7,ACGGGCTG,YRYRGTGCCAGCMGCCGCGGTAA,BNATAWMDmix9,7,NA,NA,mix9,mix9,Positive control,V4,PE16S_V4_U515_F,PE16S_V4_E786_R,NA,130719Alm,MiSeq,NA,150,150,8,mix9,NA.mix9.NA.7,Reps similar
SB100212TAWMD18VV4TMR1,CGGAGTGC,YRYRGTGCCAGCMGCCGCGGTAA,B100212TAWMD18,1,100212,10.02.12,18,18,Environmental Sample,V4,PE16S_V4_U515_F,PE16S_V4_E786_R,M,130719Alm,MiSeq,NA,150,150,8,18m_10.02.12,10.2.12.18.M.1,Ok to use
SB100212TAWMDEBVV4TMR1,AAATCATT,YRYRGTGCCAGCMGCCGCGGTAA,B100212TAWMDEB,1,100212,10.02.12,EB,EB,Negative,V4,PE16S_V4_U515_F,PE16S_V4_E786_R,M,130719Alm,MiSeq,NA,150,150,8,EB_10.2.12,10.2.12.EB.M.1,Ok to use
SB100212TAWMDriverVV4TMR1,AATGTCAA,YRYRGTGCCAGCMGCCGCGGTAA,B100212TAWMDriver,1,100212,10.02.12,river,river,Environmental Sample,V4,PE16S_V4_U515_F,PE16S_V4_E786_R,M,130719Alm,MiSeq,NA,150,150,8,river_10.02.12,10.2.12.river.M.1,Ok to use
SB100912TAWMD00VV4TMR1,AAACAAGA,YRYRGTGCCAGCMGCCGCGGTAA,B100912TAWMD00,1,100912,10.09.12,00,0,Environmental Sample,V4,PE16S_V4_U515_F,PE16S_V4_E786_R,M,130719Alm,MiSeq,NA,150,150,8,0m_10.09.12,10.9.12.0.M.1,Ok to use
SB100912TAWMD03VV4TMR1,TCGGCTCG,YRYRGTGCCAGCMGCCGCGGTAA,B100912TAWMD03,1,100912,10.09.12,03,3,Environmental Sample,V4,PE16S_V4_U515_F,PE16S_V4_E786_R,M,130719Alm,MiSeq,NA,150,150,8,3m_10.09.12,10.9.12.3.M.1,Ok to use
SB100912TAWMD07VV4TMR1,TTACTATA,YRYRGTGCCAGCMGCCGCGGTAA,B100912TAWMD07,1,100912,10.09.12,07,7,Environmental Sample,V4,PE16S_V4_U515_F,PE16S_V4_E786_R,M,130719Alm,MiSeq,NA,150,150,8,7m_10.09.12,10.9.12.7.M.1,Ok to use
SB100912TAWMD12VV4TMR1,GGCGGGAA,YRYRGTGCCAGCMGCCGCGGTAA,B100912TAWMD12,1,100912,10.09.12,12,12,Environmental Sample,V4,PE16S_V4_U515_F,PE16S_V4_E786_R,M,130719Alm,MiSeq,NA,150,150,8,12m_10.09.12,10.9.12.12.M.1,Ok to use
SB100912TAWMD19VV4TMR1,CGCCAAGG,YRYRGTGCCAGCMGCCGCGGTAA,B100912TAWMD19,1,100912,10.09.12,19,19,Environmental Sample,V4,PE16S_V4_U515_F,PE16S_V4_E786_R,M,130719Alm,MiSeq,NA,150,150,8,19m_10.09.12,10.9.12.19.M.1,Ok to use
SB100912TAWMD20VV4TMR1,AGTCACCC,YRYRGTGCCAGCMGCCGCGGTAA,B100912TAWMD20,1,100912,10.09.12,20,20,Environmental Sample,V4,PE16S_V4_U515_F,PE16S_V4_E786_R,M,130719Alm,MiSeq,NA,150,150,8,20m_10.09.12,10.9.12.20.M.1,Ok to use
SB100912TAWMD21VV4TMR1,GCGTAGGA,YRYRGTGCCAGCMGCCGCGGTAA,B100912TAWMD21,1,100912,10.09.12,21,21,Environmental Sample,V4,PE16S_V4_U515_F,PE16S_V4_E786_R,M,130719Alm,MiSeq,NA,150,150,8,21m_10.09.12,10.9.12.21.M.1,Ok to use
SB100912TAWMDEBVV4TMR1,ACAAACTA,YRYRGTGCCAGCMGCCGCGGTAA,B100912TAWMDEB,1,100912,10.09.12,EB,EB,Negative,V4,PE16S_V4_U515_F,PE16S_V4_E786_R,M,130719Alm,MiSeq,NA,150,150,8,EB_10.09.12,10.9.12.EB.M.1,Ok to use
SB111212TAWMD00VV4TMR1,AATACAGG,YRYRGTGCCAGCMGCCGCGGTAA,B111212TAWMD00,1,111212,11.12.12,00,0,Environmental Sample,V4,PE16S_V4_U515_F,PE16S_V4_E786_R,M,130719Alm,MiSeq,NA,150,150,8,0m_11.12.12,11.12.12.0.M.1,Ok to use
SB111212TAWMD03VV4TMR1,TCTAGTCG,YRYRGTGCCAGCMGCCGCGGTAA,B111212TAWMD03,1,111212,11.12.12,03,3,Environmental Sample,V4,PE16S_V4_U515_F,PE16S_V4_E786_R,M,130719Alm,MiSeq,NA,150,150,8,3m_11.12.12,11.12.12.3.M.1,Ok to use
SB111212TAWMD05VV4TMR1,TGCACCCG,YRYRGTGCCAGCMGCCGCGGTAA,B111212TAWMD05,1,111212,11.12.12,05,5,Environmental Sample,V4,PE16S_V4_U515_F,PE16S_V4_E786_R,M,130719Alm,MiSeq,NA,150,150,8,5m_11.12.12,11.12.12.5.M.1,Ok to use
SB111212TAWMD12VV4TMR1,CCCAGGCA,YRYRGTGCCAGCMGCCGCGGTAA,B111212TAWMD12,1,111212,11.12.12,12,12,Environmental Sample,V4,PE16S_V4_U515_F,PE16S_V4_E786_R,M,130719Alm,MiSeq,NA,150,150,8,12m_11.12.12,11.12.12.12.M.1,Ok to use
SB111212TAWMD14VV4TMR1,ACTAAGAT,YRYRGTGCCAGCMGCCGCGGTAA,B111212TAWMD14,1,111212,11.12.12,14,14,Environmental Sample,V4,PE16S_V4_U515_F,PE16S_V4_E786_R,M,130719Alm,MiSeq,NA,150,150,8,14m_11.12.12,11.12.12.14.M.1,Ok to use
SB111212TAWMD16VV4TMR1,CTACCGAT,YRYRGTGCCAGCMGCCGCGGTAA,B111212TAWMD16,1,111212,11.12.12,16,16,Environmental Sample,V4,PE16S_V4_U515_F,PE16S_V4_E786_R,M,130719Alm,MiSeq,NA,150,150,8,16m_11.12.12,11.12.12.16.M.1,Ok to use
SB111212TAWMD17VV4TMR1,CTTCAGCT,YRYRGTGCCAGCMGCCGCGGTAA,B111212TAWMD17,1,111212,11.12.12,17,17,Environmental Sample,V4,PE16S_V4_U515_F,PE16S_V4_E786_R,M,130719Alm,MiSeq,NA,150,150,8,17m_11.12.12,11.12.12.17.M.1,Ok to use
SB111212TAWMD18VV4TMR1,AAATTGGA,YRYRGTGCCAGCMGCCGCGGTAA,B111212TAWMD18,1,111212,11.12.12,18,18,Environmental Sample,V4,PE16S_V4_U515_F,PE16S_V4_E786_R,M,130719Alm,MiSeq,NA,150,150,8,18m_11.12.12,11.12.12.18.M.1,Ok to use
SB111212TAWMD21VV4TMR1,AACCCGTT,YRYRGTGCCAGCMGCCGCGGTAA,B111212TAWMD21,1,111212,11.12.12,21,21,Environmental Sample,V4,PE16S_V4_U515_F,PE16S_V4_E786_R,M,130719Alm,MiSeq,NA,150,150,8,21m_11.12.12,11.12.12.21.M.1,Ok to use
SB111212TAWMDEBVV4TMR1,CTTGCTTG,YRYRGTGCCAGCMGCCGCGGTAA,B111212TAWMDEB,1,111212,11.12.12,EB,EB,Negative,V4,PE16S_V4_U515_F,PE16S_V4_E786_R,M,130719Alm,MiSeq,NA,150,150,8,EB_11.12.12,11.12.12.EB.M.1,Ok to use
SB111212TAWMDNegVV4TMR1,TCATTAAG,YRYRGTGCCAGCMGCCGCGGTAA,B111212TAWMDNeg,1,111212,11.12.12,Neg,Neg,Negative,V4,PE16S_V4_U515_F,PE16S_V4_E786_R,M,130719Alm,MiSeq,NA,150,150,8,Neg,11.12.12.Neg.M.1,Ok to use
SB111412TAWMDbottomVV4TMR1,ACACCTCG,YRYRGTGCCAGCMGCCGCGGTAA,B111412TAWMDbottom,1,111412,11.14.12,bottom,bottom,Mesocosm,V4,PE16S_V4_U515_F,PE16S_V4_E786_R,M,130719Alm,MiSeq,NA,150,150,8,bcarboy_11.14.12,11.14.12.bottom.M.1,Ok to use
SB111412TAWMDmid1VV4TMR1,GTCTAACG,YRYRGTGCCAGCMGCCGCGGTAA,B111412TAWMDmid1,1,111412,11.14.12,mid1,mid1,Mesocosm,V4,PE16S_V4_U515_F,PE16S_V4_E786_R,M,130719Alm,MiSeq,NA,150,150,8,m1carboy_11.14.12,11.14.12.mid1.M.1,Ok to use
SB111412TAWMDmid2VV4TMR1,GATTGAAG,YRYRGTGCCAGCMGCCGCGGTAA,B111412TAWMDmid2,1,111412,11.14.12,mid2,mid2,Mesocosm,V4,PE16S_V4_U515_F,PE16S_V4_E786_R,M,130719Alm,MiSeq,NA,150,150,8,m2carboy_11.14.12,11.14.12.mid2.M.1,Ok to use
SB110212TAWMD09VV4TMR1,GGCCTCGC,YRYRGTGCCAGCMGCCGCGGTAA,B110212TAWMD09,1,110212,11.02.12,09,9,Environmental Sample,V4,PE16S_V4_U515_F,PE16S_V4_E786_R,M,130719Alm,MiSeq,NA,150,150,8,9m_11.02.12,11.2.12.9.M.1,Ok to use
SB110212TAWMD10VV4TMR1,AGTAGATG,YRYRGTGCCAGCMGCCGCGGTAA,B110212TAWMD10,1,110212,11.02.12,10,10,Environmental Sample,V4,PE16S_V4_U515_F,PE16S_V4_E786_R,M,130719Alm,MiSeq,NA,150,150,8,10m_11.02.12,11.2.12.10.M.1,Ok to use
SB110212TAWMD12VV4TMR1,CATCGCTA,YRYRGTGCCAGCMGCCGCGGTAA,B110212TAWMD12,1,110212,11.02.12,12,12,Environmental Sample,V4,PE16S_V4_U515_F,PE16S_V4_E786_R,M,130719Alm,MiSeq,NA,150,150,8,12m_11.02.12,11.2.12.12.M.1,Ok to use
SB110212TAWMD14VV4TMR1,GCTGCCGC,YRYRGTGCCAGCMGCCGCGGTAA,B110212TAWMD14,1,110212,11.02.12,14,14,Environmental Sample,V4,PE16S_V4_U515_F,PE16S_V4_E786_R,M,130719Alm,MiSeq,NA,150,150,8,14m_11.02.12,11.2.12.14.M.1,Ok to use
SB120412TAWMD06VV4TMR1,AGGTCGGT,YRYRGTGCCAGCMGCCGCGGTAA,B120412TAWMD06,1,120412,12.04.12,06,6,Environmental Sample,V4,PE16S_V4_U515_F,PE16S_V4_E786_R,M,130719Alm,MiSeq,NA,150,150,8,6m_12.04.12,12.4.12.6.M.1,Ok to use
SB120412TAWMD08VV4TMR1,GGTGTACC,YRYRGTGCCAGCMGCCGCGGTAA,B120412TAWMD08,1,120412,12.04.12,08,8,Environmental Sample,V4,PE16S_V4_U515_F,PE16S_V4_E786_R,M,130719Alm,MiSeq,NA,150,150,8,8m_12.04.12,12.4.12.8.M.1,Ok to use
SB081308TAWMD03VV4TQR1,TTGTGGCG,YRYRGTGCCAGCMGCCGCGGTAA,B081308TAWMD03,1,081308,08.13.08,03,3,Environmental Sample,V4,PE16S_V4_U515_F,PE16S_V4_E786_R,Q,130719Alm,MiSeq,NA,150,150,8,3m_8.8.04,8.13.08.3.Q.1,Ok to use
SB082912TAWMD05VV4TMR1,AAGGAACG,YRYRGTGCCAGCMGCCGCGGTAA,B082912TAWMD05,1,082912,08.29.12,05,5,Environmental Sample,V4,PE16S_V4_U515_F,PE16S_V4_E786_R,M,130719Alm,MiSeq,NA,150,150,8,5m_08.29.12,8.29.12.5.M.1,Ok to use
SB082912TAWMD10VV4TMR1,CTCATTGG,YRYRGTGCCAGCMGCCGCGGTAA,B082912TAWMD10,1,082912,08.29.12,10,10,Environmental Sample,V4,PE16S_V4_U515_F,PE16S_V4_E786_R,M,130719Alm,MiSeq,NA,150,150,8,10m_08.29.12,8.29.12.10.M.1,Ok to use
SB082912TAWMD11VV4TMR1,AGTATGCA,YRYRGTGCCAGCMGCCGCGGTAA,B082912TAWMD11,1,082912,08.29.12,11,11,Environmental Sample,V4,PE16S_V4_U515_F,PE16S_V4_E786_R,M,130719Alm,MiSeq,NA,150,150,8,11m_08.29.12,8.29.12.11.M.1,Ok to use
SB082912TAWMD12VV4TMR1,CGATGGTG,YRYRGTGCCAGCMGCCGCGGTAA,B082912TAWMD12,1,082912,08.29.12,12,12,Environmental Sample,V4,PE16S_V4_U515_F,PE16S_V4_E786_R,M,130719Alm,MiSeq,NA,150,150,8,12m_08.29.12,8.29.12.12.M.1,Ok to use
SB082912TAWMD16VV4TMR1,TATTCTGT,YRYRGTGCCAGCMGCCGCGGTAA,B082912TAWMD16,1,082912,08.29.12,16,16,Environmental Sample,V4,PE16S_V4_U515_F,PE16S_V4_E786_R,M,130719Alm,MiSeq,NA,150,150,8,16m_08.29.12,8.29.12.16.M.1,Ok to use
SB082912TAWMD17VV4TMR1,ATGAAGTA,YRYRGTGCCAGCMGCCGCGGTAA,B082912TAWMD17,1,082912,08.29.12,17,17,Environmental Sample,V4,PE16S_V4_U515_F,PE16S_V4_E786_R,M,130719Alm,MiSeq,NA,150,150,8,17m_08.29.12,8.29.12.17.M.1,Ok to use
SB082912TAWMD21VV4TMR1,ACTTATTG,YRYRGTGCCAGCMGCCGCGGTAA,B082912TAWMD21,1,082912,08.29.12,21,21,Environmental Sample,V4,PE16S_V4_U515_F,PE16S_V4_E786_R,M,130719Alm,MiSeq,NA,150,150,8,21m_08.29.12,8.29.12.21.M.1,Ok to use
SB082912TAWMDSBVV4TMR1,GTACGTTG,YRYRGTGCCAGCMGCCGCGGTAA,B082912TAWMDSB,1,082912,08.29.12,SB,SB,Negative,V4,PE16S_V4_U515_F,PE16S_V4_E786_R,M,130719Alm,MiSeq,NA,150,150,8,SB_08.29.12,8.29.12.SB.M.1,Ok to use
SB080812TAWMD15VV4TMR1,TGATAATA,YRYRGTGCCAGCMGCCGCGGTAA,B080812TAWMD15,1,080812,08.08.12,15,15,Environmental Sample,V4,PE16S_V4_U515_F,PE16S_V4_E786_R,M,130719Alm,MiSeq,NA,150,150,8,15m_08.08.12,8.8.12.15.M.1,Ok to use
SB080812TAWMD17VV4TMR1,CCCGTTTC,YRYRGTGCCAGCMGCCGCGGTAA,B080812TAWMD17,1,080812,08.08.12,17,17,Environmental Sample,V4,PE16S_V4_U515_F,PE16S_V4_E786_R,M,130719Alm,MiSeq,NA,150,150,8,17m_08.08.12,8.8.12.17.M.1,Ok to use
SB080812TAWMD21VV4TMR1,TTCCAGAT,YRYRGTGCCAGCMGCCGCGGTAA,B080812TAWMD21,1,080812,08.08.12,21,21,Environmental Sample,V4,PE16S_V4_U515_F,PE16S_V4_E786_R,M,130719Alm,MiSeq,NA,150,150,8,21m_08.08.12,8.8.12.21.M.1,Ok to use